{"london": 696.6185579196218, "waterloo": 845.0158661740558}